{"Fonts/KdamThmorPro-Regular.ttf":["Fonts/KdamThmorPro-Regular.ttf"],"assets/RiveAssets/icons.riv":["assets/RiveAssets/icons.riv"],"assets/RiveAssets/sideMenuButton.riv":["assets/RiveAssets/sideMenuButton.riv"],"assets/earth/4096_bump.jpg":["assets/earth/4096_bump.jpg"],"assets/earth/4096_clouds.jpg":["assets/earth/4096_clouds.jpg"],"assets/earth/4096_clouds.png":["assets/earth/4096_clouds.png"],"assets/earth/4096_earth.jpg":["assets/earth/4096_earth.jpg"],"assets/earth/4096_night_lights.jpg":["assets/earth/4096_night_lights.jpg"],"assets/earth/4096_normal.jpg":["assets/earth/4096_normal.jpg"],"assets/earth/earth.mtl":["assets/earth/earth.mtl"],"assets/earth/earth.obj":["assets/earth/earth.obj"],"assets/weather/50.png":["assets/weather/50.png"],"assets/weather/clouds.png":["assets/weather/clouds.png"],"assets/weather/darkSky.png":["assets/weather/darkSky.png"],"assets/weather/earth_spin.gif":["assets/weather/earth_spin.gif"],"assets/weather/ground.jpg":["assets/weather/ground.jpg"],"assets/weather/moon.png":["assets/weather/moon.png"],"assets/weather/nightxpgrass.png":["assets/weather/nightxpgrass.png"],"assets/weather/observatory.jpg":["assets/weather/observatory.jpg"],"assets/weather/picker.png":["assets/weather/picker.png"],"assets/weather/sun.png":["assets/weather/sun.png"],"assets/weather/testClouds.png":["assets/weather/testClouds.png"],"assets/weather/wind.png":["assets/weather/wind.png"],"assets/weather/xpgrass.png":["assets/weather/xpgrass.png"],"packages/cupertino_icons/assets/CupertinoIcons.ttf":["packages/cupertino_icons/assets/CupertinoIcons.ttf"],"packages/line_icons/lib/assets/fonts/LineIcons.ttf":["packages/line_icons/lib/assets/fonts/LineIcons.ttf"],"packages/neon/lib/fonts/Automania/Automania.ttf":["packages/neon/lib/fonts/Automania/Automania.ttf"],"packages/neon/lib/fonts/Beon/Beon.otf":["packages/neon/lib/fonts/Beon/Beon.otf"],"packages/neon/lib/fonts/Cyberpunk/Cyberpunk.ttf":["packages/neon/lib/fonts/Cyberpunk/Cyberpunk.ttf"],"packages/neon/lib/fonts/LasEnter/LasEnter.ttf":["packages/neon/lib/fonts/LasEnter/LasEnter.ttf"],"packages/neon/lib/fonts/Membra/Membra.ttf":["packages/neon/lib/fonts/Membra/Membra.ttf"],"packages/neon/lib/fonts/Monoton/Monoton-Regular.ttf":["packages/neon/lib/fonts/Monoton/Monoton-Regular.ttf"],"packages/neon/lib/fonts/Night-Club-70s/Night-Club-70s-Bold.ttf":["packages/neon/lib/fonts/Night-Club-70s/Night-Club-70s-Bold.ttf"],"packages/neon/lib/fonts/Night-Club-70s/Night-Club-70s-Regular.ttf":["packages/neon/lib/fonts/Night-Club-70s/Night-Club-70s-Regular.ttf"],"packages/neon/lib/fonts/Samarin/Samarin.ttf":["packages/neon/lib/fonts/Samarin/Samarin.ttf"],"packages/neon/lib/fonts/TextMeOne/TextMeOne-Regular.ttf":["packages/neon/lib/fonts/TextMeOne/TextMeOne-Regular.ttf"]}