[{"family":"MaterialIcons","fonts":[{"asset":"fonts/MaterialIcons-Regular.otf"}]},{"family":"KdamThmorPro","fonts":[{"asset":"Fonts/KdamThmorPro-Regular.ttf"}]},{"family":"packages/cupertino_icons/CupertinoIcons","fonts":[{"asset":"packages/cupertino_icons/assets/CupertinoIcons.ttf"}]},{"family":"packages/line_icons/Awesome Line Icons 1.3.0","fonts":[{"asset":"packages/line_icons/lib/assets/fonts/LineIcons.ttf"}]},{"family":"packages/neon/Monoton","fonts":[{"asset":"packages/neon/lib/fonts/Monoton/Monoton-Regular.ttf"}]},{"family":"packages/neon/Automania","fonts":[{"asset":"packages/neon/lib/fonts/Automania/Automania.ttf"}]},{"family":"packages/neon/Beon","fonts":[{"asset":"packages/neon/lib/fonts/Beon/Beon.otf"}]},{"family":"packages/neon/LasEnter","fonts":[{"asset":"packages/neon/lib/fonts/LasEnter/LasEnter.ttf"}]},{"family":"packages/neon/TextMeOne","fonts":[{"asset":"packages/neon/lib/fonts/TextMeOne/TextMeOne-Regular.ttf"}]},{"family":"packages/neon/Night-Club-70s","fonts":[{"asset":"packages/neon/lib/fonts/Night-Club-70s/Night-Club-70s-Bold.ttf"},{"asset":"packages/neon/lib/fonts/Night-Club-70s/Night-Club-70s-Regular.ttf"}]},{"family":"packages/neon/Membra","fonts":[{"asset":"packages/neon/lib/fonts/Membra/Membra.ttf"}]},{"family":"packages/neon/Samarin","fonts":[{"asset":"packages/neon/lib/fonts/Samarin/Samarin.ttf"}]},{"family":"packages/neon/Cyberpunk","fonts":[{"asset":"packages/neon/lib/fonts/Cyberpunk/Cyberpunk.ttf"}]}]